firstName,lastName,phone,address,age,email
Bruce,Jacobi,(042) 464-3551 x47942,"68861 Vasiliki Course, South Donnell, CA 93849-7571",45,lieselotte.mueller@gmail.com
Christopher,Jacobi,(942) 606-6521 x60084,"Apt. 097 778 Jamal Trafficway, Bobbifurt, CO 58915-4460",27,kandace.mills@hotmail.com
Corliss,Jacobi,1-875-507-7318 x7219,"59460 Rohan Port, New Angilatown, AK 79027-6764",35,gilbert.cole@gmail.com
Ivory,Jacobi,738.235.1058 x1188,"3870 Kirlin Inlet, Klingchester, KY 07283",31,ilana.white@hotmail.com
Jewel,Jacobi,705.740.4513,"Apt. 064 1435 Korey Parkway, Lake Gail, SC 66312",28,maple.howe@gmail.com
Nolan,Jacobi,027-208-1253 x743,"Suite 709 9521 Hirthe Groves, New Kelley, IN 69537",47,orval.denesik@hotmail.com
Oralee,Jacobi,144-435-2384,"9790 Okuneva Union, Runtechester, AK 88644-7823",46,cecil.sanford@yahoo.com
Shannan,Jacobi,020.295.1237 x98297,"Apt. 886 55435 Ricardo Dam, Harbermouth, OR 11957",65,joseph.lockman@yahoo.com
Zona,Jacobi,808-306-8841 x1873,"595 Marcos Tunnel, Mauricioport, IN 15316",71,angelo.gottlieb@gmail.com
Alysia,Jacobs,1-117-803-2182 x285,"Apt. 286 85455 Jerrell Pine, Hammesborough, MA 91217",74,sherilyn.lowe@gmail.com
Amanda,Jacobs,648.067.3456 x605,"336 Schumm Cliff, Lindgrenfurt, MS 69247-5704",44,edmundo.schowalter@gmail.com
Angelo,Jacobs,629-561-7065,"Suite 534 5699 Janell Shores, Flatleybury, SC 79338-4529",60,andre.hudson@gmail.com
Arnette,Jacobs,1-262-443-6751 x168,"8772 Murphy Haven, Rolfsonfort, FL 91453-7056",44,maire.kuhlman@hotmail.com
Jospeh,Jacobs,(650) 174-6273 x06258,"Apt. 141 2622 Sanford Dale, Olsonside, TN 31657",73,mariana.murazik@yahoo.com
Kimi,Jacobs,1-492-684-5020 x543,"5066 Effertz Circles, East Ezequiel, CA 89220",67,rolland.zieme@gmail.com
Megan,Jacobs,(239) 176-4080,"9912 Cynthia Common, Harberland, IA 66143-7790",36,arturo.barrows@gmail.com
Neville,Jacobs,544-646-4710 x7641,"Apt. 537 24837 Klocko Trace, North Gregory, IL 38229",35,damian.hegmann@yahoo.com
Ossie,Jacobs,1-178-555-1034 x424,"28285 Kuhic Roads, Kutchville, MS 35733-9171",52,herschel.macejkovic@gmail.com
Romaine,Jacobs,1-751-783-8518 x95971,"Apt. 212 59542 Chuck Spurs, Frankieville, AR 75841",73,pablo.satterfield@yahoo.com
Alexis,Jacobson,1-074-236-3716 x926,"Apt. 109 94695 Alane Station, New Trey, WA 86081",52,elane.lang@yahoo.com
Alida,Jacobson,415-254-8824 x5879,"3647 Rolfson Curve, East Halland, PA 86040-2105",63,emil.morissette@yahoo.com
Earle,Jacobson,(452) 666-6070,"01054 Nila Ridge, Rippinborough, AR 25998-7690",63,fatimah.koepp@yahoo.com
Jamika,Jacobson,1-878-736-8045 x91331,"Apt. 997 39044 Bruen Lodge, New Normand, WV 05644-6603",21,edwin.leuschke@yahoo.com
Leif,Jacobson,416-986-7617 x7051,"Apt. 654 504 Trey Lake, Collierville, IN 06976",41,jeni.bartell@gmail.com
Lloyd,Jacobson,1-597-100-4255 x9852,"0985 Claudine Harbors, Monserrateland, AR 29911",50,elodia.auer@hotmail.com
Mollie,Jacobson,110.553.2715 x1309,"Suite 419 74389 Barton Knolls, Lesleyborough, AL 10193",64,gigi.cronin@yahoo.com
Natisha,Jacobson,(109) 073-4806 x748,"Suite 604 71595 Teodoro Shores, North Melanymouth, KY 07767-1685",67,collin.spinka@hotmail.com
Raleigh,Jacobson,(630) 400-8813 x041,"52952 Parker Lodge, Linseyville, ME 66504-8995",44,antony.robel@hotmail.com
Ramon,Jacobson,1-253-754-2598,"Apt. 965 5535 Leannon Mountain, Blandafurt, AK 03543-4882",37,alberta.cremin@gmail.com
Savanna,Jacobson,(398) 458-2953 x271,"353 Fatimah Knolls, Veumview, VA 80951-3908",61,sumiko.rowe@yahoo.com
Sean,Jacobson,170-223-1947 x50800,"627 Greg Drive, Taishire, AK 59923",64,lloyd.cole@hotmail.com
Al,Jakubowski,378-767-7739 x936,"Suite 145 4581 Eddie Ways, Angelofurt, UT 57611",23,rey.treutel@gmail.com
Delaine,Jakubowski,014.121.2561 x32944,"Apt. 411 262 Sandy Vista, Jamesville, WV 17240-1529",55,cristopher.wehner@hotmail.com
Dudley,Jakubowski,1-809-165-9980,"07550 Obdulia Ridge, Darrinton, KY 11639",65,rochell.raynor@hotmail.com
Jeremy,Jakubowski,(043) 925-4777 x5222,"Apt. 754 90471 Anissa Court, Jerrymouth, DE 36894-9658",73,serena.dicki@yahoo.com
Oliver,Jakubowski,1-159-646-7260 x226,"9750 Rex Brooks, Lake Kennethland, ND 35441-1837",13,joane.crooks@hotmail.com
Riva,Jakubowski,(839) 517-8775,"87349 Allene Road, Port Raymonberg, NH 61587-5158",60,mark.spencer@yahoo.com
Shela,Jakubowski,1-774-802-1203,"285 Sharita Parkway, Alesiafort, IA 97784-7226",71,beatrice.hirthe@hotmail.com
Spencer,Jakubowski,(410) 215-2039 x4176,"41710 Rickey Island, New Dustyberg, MI 82291",38,hank.corkery@yahoo.com
Tien,Jakubowski,(988) 845-0214 x14127,"974 Booker Manor, East Maryberg, MN 18271",39,evalyn.dach@gmail.com
Alvaro,Jaskolski,357.989.9897 x24896,"2110 Sandi Court, Port Rochell, MS 75277",43,sari.barrows@gmail.com
Annette,Jaskolski,885.284.8749,"Suite 297 8281 Berry Skyway, Runolfsdottirborough, NE 04009-0619",35,miquel.bauch@yahoo.com
Archie,Jaskolski,251-533-1344,"Suite 257 531 Romaguera Light, South Jarrettfurt, HI 06333-7473",66,frances.macejkovic@gmail.com
Audie,Jaskolski,437-164-6501,"7923 Deckow Avenue, South Adolfo, ME 19130-8535",46,krishna.gleichner@yahoo.com
Bob,Jaskolski,(886) 955-0711,"42973 Sadye Course, Elviratown, IN 05181-3964",63,sirena.cole@yahoo.com
Christi,Jaskolski,094.344.7176 x69287,"2517 Lyman Lights, Russelshire, NJ 78443-7817",40,hiram.bergnaum@yahoo.com
Clifton,Jaskolski,1-961-434-6034 x02200,"527 Daniel Mount, Sporerview, WV 59162-5466",26,bill.sauer@gmail.com
Danny,Jaskolski,472-048-6748 x589,"7579 Carla Points, Sauerport, OH 31739",37,dave.wyman@gmail.com
Joaquin,Jaskolski,1-735-343-0366,"69897 Vito Rapid, New Jamal, HI 26305-1127",18,walker.emmerich@yahoo.com
Madalene,Jaskolski,(755) 273-4132 x55577,"Suite 179 7932 Brittny Freeway, Gibsonmouth, ID 61089",48,ozella.kertzmann@hotmail.com
Phillip,Jaskolski,795-749-8163 x629,"537 Langosh Mountains, North Winstonport, NY 66508",62,fredrick.cummerata@gmail.com
Rick,Jaskolski,(626) 432-6181 x361,"Apt. 629 92387 Pagac Rest, Michaleville, AL 69220",53,carl.haley@hotmail.com
Carey,Jast,1-609-928-7618 x317,"Apt. 579 1541 Abraham Trail, Savannaville, TX 80638",51,loren.kulas@gmail.com
Chet,Jast,(866) 276-2380,"48524 Abshire Orchard, Wisokyburgh, CT 77507-1826",72,les.veum@hotmail.com
Elinore,Jast,1-701-561-9814 x577,"85218 Virgilio Ways, Danilofurt, OK 62478",58,louis.stoltenberg@gmail.com
Hazel,Jast,1-779-571-3787 x902,"Apt. 998 9236 Feest Manor, Goyetteberg, ND 48399",54,ray.mann@hotmail.com
Jenelle,Jast,(401) 194-1642 x1997,"099 Cherelle Creek, Romeoville, OR 31332-7240",64,eddy.osinski@gmail.com
Les,Jast,244-823-6991 x40505,"Suite 872 3275 Micheal Garden, Hyattshire, NY 84232-5315",65,vertie.stark@yahoo.com
Maribel,Jast,(201) 719-6024 x104,"136 Marina Court, Wernershire, KS 01911-5945",14,micheal.balistreri@gmail.com
Sol,Jast,1-411-232-8207,"Apt. 667 95818 Marvin Drive, New Columbus, UT 98311-6502",12,luna.sauer@gmail.com
Suzan,Jast,1-248-327-9403 x15018,"282 Jillian Pine, East Everett, NV 07737",61,shawnee.stoltenberg@hotmail.com
Wesley,Jast,1-055-839-1393 x947,"Apt. 523 6058 Mueller Ridge, East Oscar, VT 50232",34,john.deckow@hotmail.com
Ariel,Jenkins,062-287-2904,"Suite 343 54932 Mauro Springs, West Adolfo, WI 17234",70,liane.bosco@hotmail.com
Brent,Jenkins,(370) 623-0375 x87214,"Apt. 394 93019 Gail Fall, New Evelia, MI 31891-0726",66,sarah.price@yahoo.com
Dan,Jenkins,108.705.0276 x650,"48213 Hansen Trafficway, Leeberg, OK 66813",66,mable.white@yahoo.com
Dion,Jenkins,563-788-8389,"368 Zoila Club, Mosciskichester, NH 94738-4681",65,joshua.lang@yahoo.com
Freddy,Jenkins,1-910-502-1252 x8016,"06779 Pouros Courts, South Verdieville, ID 90157-8205",16,belva.gulgowski@gmail.com
Herschel,Jenkins,583-741-3918,"8718 Odette Drives, Franklynview, MI 72465",69,sheldon.howe@gmail.com
Jeffrey,Jenkins,267.039.7046 x38482,"Apt. 021 78787 Marcel Crossing, South Damienside, MD 20670-3398",43,kathlene.koch@gmail.com
Leo,Jenkins,567-633-8863 x9260,"459 Koss Skyway, Ahmedtown, WY 81927-5398",59,yuriko.leffler@gmail.com
Long,Jenkins,444.134.5837 x6318,"Suite 805 663 Brakus Manors, Conceptionport, GA 43534",48,adalberto.parker@gmail.com
Lorrie,Jenkins,623.735.3294 x487,"Apt. 934 90831 Mohr Crossroad, New Pura, WY 30215-7581",38,frances.will@yahoo.com
Christoper,Jerde,094-994-9552 x851,"9467 Griselda Union, Vincentchester, SD 84615",68,miles.hirthe@yahoo.com
Devona,Jerde,1-796-896-6626,"9304 Donn Hills, Marvinberg, WY 08710",20,tracy.stanton@yahoo.com
Lahoma,Jerde,640.412.5347 x1696,"Apt. 902 193 Daysi Forges, Port Kevenview, AL 12335",17,rico.hermiston@hotmail.com
Leonarda,Jerde,973-904-0009,"98927 Kuvalis Corners, South Clorinda, LA 23072-1112",11,adelia.herman@yahoo.com
Neta,Jerde,1-839-227-4104 x499,"198 Concepcion Loaf, South Marion, VA 10424-1133",73,whitney.stoltenberg@yahoo.com
Patsy,Jerde,1-081-071-5039,"Suite 859 41002 Corwin Point, East Hilariohaven, HI 30925-6979",19,consuela.corwin@yahoo.com
Rodney,Jerde,829-987-6262 x3911,"Suite 700 774 Setsuko Light, New Ammiemouth, TN 76757",21,marna.mertz@hotmail.com
Rueben,Jerde,671-347-7319,"7798 Goodwin Coves, Dibbertton, SD 99464",43,mozella.erdman@hotmail.com
Tambra,Jerde,017.501.6939 x554,"Apt. 479 22995 Gayle Orchard, Port Gigi, UT 68530-5831",70,quinn.schulist@yahoo.com
Vida,Jerde,(852) 557-2650,"Apt. 878 520 Roxanna Circles, New Chauncey, WV 95700-0108",72,mari.hickle@hotmail.com
Wilfred,Jerde,(231) 410-0140,"Apt. 802 01589 Rowe Well, Carliland, VA 91205-4348",27,jefferson.dach@gmail.com
Will,Jerde,868.022.3418,"Suite 159 3692 Lynch Camp, Schadenville, MT 41411-1662",39,calandra.ryan@gmail.com
Edith,Johns,467.848.0282,"Suite 467 03524 Maggie Stream, Port Teena, CT 09886",44,sebastian.crona@yahoo.com
Greg,Johns,1-509-540-9779 x5532,"Apt. 792 73956 Hammes Burgs, East Henrychester, MA 75972-6311",58,minh.orn@hotmail.com
Jeffery,Johns,372.827.3139,"Apt. 661 570 Shin Dale, Changshire, VA 84778",62,johnie.cole@yahoo.com
Jessie,Johns,1-332-286-8666 x78446,"Suite 114 4531 Kautzer Square, Homenickhaven, OK 06618",60,mona.upton@yahoo.com
Josie,Johns,1-795-026-9560,"700 Deckow Path, West Wenfort, OH 77003",34,darell.wiza@yahoo.com
Kennith,Johns,1-468-046-3323,"Suite 011 416 Osinski Springs, New Aleciafort, CA 37043-8182",43,carl.pfeffer@yahoo.com
Maye,Johns,(008) 849-8120,"Apt. 603 8903 Rene Curve, Lake Dorris, VT 48906",40,beverley.yost@yahoo.com
Rick,Johns,1-006-666-5840 x9542,"Suite 253 841 Harber Trail, Kutchside, NM 70351",71,damien.roberts@hotmail.com
Rolando,Johns,019.220.4052,"Apt. 394 583 Ingrid Lodge, West Micheal, IL 99614-8764",38,theo.osinski@gmail.com
Vincenzo,Johns,885.753.7291 x22138,"Suite 609 589 Dicki Mountains, North Kirbytown, CO 58363",63,reyes.morar@yahoo.com
Zack,Johns,(337) 884-0905 x9909,"278 Christeen Neck, Juanmouth, MN 00177",57,malia.hagenes@yahoo.com
Archie,Johnson,768-101-8467 x36733,"696 Vaughn Mountain, Bronwynberg, UT 89448",42,johnathan.powlowski@hotmail.com
Cathie,Johnson,215.607.8150 x213,"Apt. 402 466 Gislason Brook, Groverhaven, LA 21057",73,isobel.hilpert@gmail.com
Clemente,Johnson,743.467.2869,"91654 Eloy Crossing, Lake Jannet, KS 90945-1171",39,verdell.adams@gmail.com
Colin,Johnson,949.599.4872 x4427,"Apt. 365 2426 Stokes Land, Coriland, CT 09657-1041",74,quincy.graham@hotmail.com
Fatima,Johnson,1-007-895-1644 x8075,"43057 Roberto Rest, South Eduardo, NH 55501",28,al.beier@yahoo.com
Felecia,Johnson,008-543-0082 x74062,"32043 Mica Pine, New Melany, FL 58526",65,wendolyn.mosciski@hotmail.com
Loyd,Johnson,124-277-4697 x955,"Suite 396 1261 Stewart Run, South Kory, TN 60001-3055",18,dedra.becker@hotmail.com
Luanna,Johnson,1-743-377-4348 x5271,"Apt. 826 3002 Glover Square, Ondrickaville, ME 77132",70,julio.cormier@gmail.com
Sherlyn,Johnson,(305) 909-0054 x6676,"Suite 609 353 Darell Falls, Robertohaven, IL 25433-5187",11,cherelle.schmidt@yahoo.com
Sherwood,Johnson,1-010-872-2478 x58216,"Apt. 810 6960 Bea Falls, North Bellastad, NH 87486-1041",31,chad.klein@hotmail.com
Trina,Johnson,571-608-1586,"Apt. 766 181 Grady Meadows, Beahanmouth, WA 48087",24,jacob.kreiger@yahoo.com
Carol,Johnston,614-555-5643 x440,"Suite 913 12328 Winfred Union, Heaneyburgh, TX 75577",30,felice.kuhlman@gmail.com
Charlesetta,Johnston,(869) 282-8089,"56958 Un Track, North Shirleystad, MA 39368",31,christian.kertzmann@hotmail.com
Dwight,Johnston,1-600-664-6071,"1462 Grant Spurs, Lake Kelsi, NH 81160",49,armando.dickens@hotmail.com
Gene,Johnston,721.454.2685 x44010,"Apt. 791 340 Carlos Pine, West Delcie, LA 41176-6946",15,kelly.johns@yahoo.com
Karey,Johnston,115-458-1025 x8077,"0854 Gislason Cliff, Melvinshire, NH 57411",11,rhonda.ohara@gmail.com
Louann,Johnston,643.580.4622 x964,"Suite 790 63533 Quigley Ridge, Lake Lenora, MA 60502-3553",56,amos.borer@hotmail.com
Margareta,Johnston,358.945.0049,"3675 Thiel Brooks, East Vicentefort, FL 34719-5349",63,mammie.lind@hotmail.com
Nenita,Johnston,904-151-1478,"252 Darwin Brooks, Donville, MO 67870",21,bobby.pacocha@yahoo.com
Pamala,Johnston,424.893.1556 x9021,"78027 Fadel Shores, Lake Charlieview, MD 14225-8047",40,raleigh.schowalter@hotmail.com
Robert,Johnston,(812) 009-0641,"26020 Tyrone Station, North Alfreda, MS 07572",19,jeremy.oberbrunner@gmail.com
Roberto,Johnston,(159) 166-7946 x0566,"26666 Lesch Crescent, Lake Lennie, WY 33513",15,beatrice.wilkinson@yahoo.com
Catharine,Jones,150.842.9095 x92390,"Apt. 909 7032 Emilio Stream, Smithfort, MS 93798",50,daina.bayer@yahoo.com
Debora,Jones,1-087-195-1701 x83645,"55580 Arlie Mountain, New Mattie, VA 62578",65,terry.west@yahoo.com
Denita,Jones,360-012-8893,"965 Nathanial Fort, Bednarbury, CA 05367",68,katharina.fahey@hotmail.com
Devin,Jones,1-068-303-8882,"Apt. 014 624 Frederick Street, Pennyview, AL 62165-6682",27,tom.ortiz@gmail.com
Era,Jones,1-322-068-2412,"021 Toy Heights, Lake Norbertoberg, ME 52413-5293",10,lorrie.carroll@gmail.com
Jordan,Jones,(605) 976-6526 x24724,"Suite 749 003 Beahan Knoll, Welchmouth, IN 36558-2115",56,ismael.okon@yahoo.com
Loida,Jones,882.040.8733 x7019,"3305 King Heights, New Colleenhaven, MD 49444-6249",74,verlie.kautzer@yahoo.com
Tanya,Jones,(073) 380-5994,"Apt. 059 262 Rubin Drive, Eleonoreshire, ID 42207-1475",56,duane.tremblay@hotmail.com
